measure_name,epoch,valid_loss,test_loss,min_epoch,min_valid_loss,min_test_loss
u0, 0,1.6029173135757446,1.5313948392868042,0,1.6029173135757446,1.5313948392868042
u0, 1,0.9161332845687866,0.8547847270965576,1,0.9161332845687866,0.8547847270965576
u0, 2,0.5957898497581482,0.55035400390625,2,0.5957898497581482,0.55035400390625
u0, 3,0.4591038227081299,0.4227159023284912,3,0.4591038227081299,0.4227159023284912
u0, 4,0.4330355226993561,0.4086299538612366,4,0.4330355226993561,0.4086299538612366
u0, 5,0.22160138189792633,0.19824230670928955,5,0.22160138189792633,0.19824230670928955
u0, 6,1.090381145477295,1.065284013748169,5,0.22160138189792633,0.19824230670928955
u0, 7,1.4045292139053345,1.3829437494277954,5,0.22160138189792633,0.19824230670928955
u0, 8,1.2904661893844604,1.2684028148651123,5,0.22160138189792633,0.19824230670928955
u0, 9,0.38361358642578125,0.37039774656295776,5,0.22160138189792633,0.19824230670928955
u0, 10,0.2006603628396988,0.1837790161371231,10,0.2006603628396988,0.1837790161371231
u0, 11,0.47806623578071594,0.45957764983177185,10,0.2006603628396988,0.1837790161371231
u0, 12,0.3397977650165558,0.32612231373786926,10,0.2006603628396988,0.1837790161371231
u0, 13,0.8532220125198364,0.8426511287689209,10,0.2006603628396988,0.1837790161371231
u0, 14,0.17733825743198395,0.16554194688796997,14,0.17733825743198395,0.16554194688796997
u0, 15,0.22092226147651672,0.2119365632534027,14,0.17733825743198395,0.16554194688796997
u0, 16,0.39752650260925293,0.38987383246421814,14,0.17733825743198395,0.16554194688796997
u0, 17,1.137133002281189,1.1286715269088745,14,0.17733825743198395,0.16554194688796997
u0, 18,0.7504865527153015,0.7465206384658813,14,0.17733825743198395,0.16554194688796997
u0, 19,0.30136966705322266,0.29586124420166016,14,0.17733825743198395,0.16554194688796997
u0, 20,0.8074694275856018,0.8010263442993164,14,0.17733825743198395,0.16554194688796997
u0, 21,0.2930648922920227,0.28525304794311523,14,0.17733825743198395,0.16554194688796997
u0, 22,0.283181369304657,0.27869945764541626,14,0.17733825743198395,0.16554194688796997
u0, 23,0.7642696499824524,0.7599656581878662,14,0.17733825743198395,0.16554194688796997
u0, 24,0.06948810815811157,0.06519061326980591,24,0.06948810815811157,0.06519061326980591
u0, 25,0.12685751914978027,0.12315325438976288,24,0.06948810815811157,0.06519061326980591
u0, 26,0.1355808824300766,0.13144628703594208,24,0.06948810815811157,0.06519061326980591
u0, 27,0.5062588453292847,0.501021146774292,24,0.06948810815811157,0.06519061326980591
u0, 28,0.19101323187351227,0.18817207217216492,24,0.06948810815811157,0.06519061326980591
u0, 29,0.11228981614112854,0.10980339348316193,24,0.06948810815811157,0.06519061326980591
u0, 30,0.22820238769054413,0.22370299696922302,24,0.06948810815811157,0.06519061326980591
u0, 31,0.4544331431388855,0.45185545086860657,24,0.06948810815811157,0.06519061326980591
u0, 32,0.09865584969520569,0.09528350085020065,24,0.06948810815811157,0.06519061326980591
u0, 33,0.33854958415031433,0.3347828984260559,24,0.06948810815811157,0.06519061326980591
u0, 34,0.17153100669384003,0.16878682374954224,24,0.06948810815811157,0.06519061326980591
u0, 35,0.2632799744606018,0.2599968910217285,24,0.06948810815811157,0.06519061326980591
u0, 36,0.16851893067359924,0.1655367761850357,24,0.06948810815811157,0.06519061326980591
u0, 37,0.32926714420318604,0.32646578550338745,24,0.06948810815811157,0.06519061326980591
u0, 38,0.09235318750143051,0.08930296450853348,24,0.06948810815811157,0.06519061326980591
u0, 39,0.15691155195236206,0.15288808941841125,24,0.06948810815811157,0.06519061326980591
u0, 40,0.16162465512752533,0.15817399322986603,24,0.06948810815811157,0.06519061326980591
u0, 41,0.26274368166923523,0.25973933935165405,24,0.06948810815811157,0.06519061326980591
u0, 42,0.2547438442707062,0.25154098868370056,24,0.06948810815811157,0.06519061326980591
u0, 43,0.08836939930915833,0.08584559708833694,24,0.06948810815811157,0.06519061326980591
u0, 44,0.34755373001098633,0.34444209933280945,24,0.06948810815811157,0.06519061326980591
u0, 45,0.5300095677375793,0.5253031253814697,24,0.06948810815811157,0.06519061326980591
u0, 46,0.5464766025543213,0.5421571135520935,24,0.06948810815811157,0.06519061326980591
u0, 47,0.28721654415130615,0.28391724824905396,24,0.06948810815811157,0.06519061326980591
u0, 48,0.19744737446308136,0.19334979355335236,24,0.06948810815811157,0.06519061326980591
u0, 49,0.1838027387857437,0.1800934374332428,24,0.06948810815811157,0.06519061326980591
u0, 50,0.2116345465183258,0.20719416439533234,24,0.06948810815811157,0.06519061326980591
u0, 51,0.22318771481513977,0.2208057940006256,24,0.06948810815811157,0.06519061326980591
u0, 52,0.22492514550685883,0.22117838263511658,24,0.06948810815811157,0.06519061326980591
u0, 53,0.04461401700973511,0.040728047490119934,53,0.04461401700973511,0.040728047490119934
u0, 54,0.026928743347525597,0.02329374849796295,54,0.026928743347525597,0.02329374849796295
u0, 55,0.22954820096492767,0.22592759132385254,54,0.026928743347525597,0.02329374849796295
u0, 56,0.1167232021689415,0.11297421157360077,54,0.026928743347525597,0.02329374849796295
u0, 57,0.19795666635036469,0.19423368573188782,54,0.026928743347525597,0.02329374849796295
u0, 58,0.06331372261047363,0.060090143233537674,54,0.026928743347525597,0.02329374849796295
u0, 59,0.1735769361257553,0.17047372460365295,54,0.026928743347525597,0.02329374849796295
u0, 60,0.18521063029766083,0.18057881295681,54,0.026928743347525597,0.02329374849796295
u0, 61,0.2700951099395752,0.2659192979335785,54,0.026928743347525597,0.02329374849796295
u0, 62,0.0908004567027092,0.08791691809892654,54,0.026928743347525597,0.02329374849796295
u0, 63,0.19307874143123627,0.1894207000732422,54,0.026928743347525597,0.02329374849796295
u0, 64,0.11742527782917023,0.11382947117090225,54,0.026928743347525597,0.02329374849796295
u0, 65,0.32061314582824707,0.3170894682407379,54,0.026928743347525597,0.02329374849796295
u0, 66,0.16556935012340546,0.16152620315551758,54,0.026928743347525597,0.02329374849796295
u0, 67,0.2327239215373993,0.22924654185771942,54,0.026928743347525597,0.02329374849796295
u0, 68,0.0916835367679596,0.08868993073701859,54,0.026928743347525597,0.02329374849796295
u0, 69,0.27499625086784363,0.2710731327533722,54,0.026928743347525597,0.02329374849796295
u0, 70,0.15392076969146729,0.14933063089847565,54,0.026928743347525597,0.02329374849796295
u0, 71,0.12872451543807983,0.12470707297325134,54,0.026928743347525597,0.02329374849796295
u0, 72,0.1628199815750122,0.15923438966274261,54,0.026928743347525597,0.02329374849796295
u0, 73,0.09714732319116592,0.09391144663095474,54,0.026928743347525597,0.02329374849796295
u0, 74,0.2965010702610016,0.29318198561668396,54,0.026928743347525597,0.02329374849796295
u0, 75,0.6300888657569885,0.6249008178710938,54,0.026928743347525597,0.02329374849796295
u0, 76,0.1001054123044014,0.09608199447393417,54,0.026928743347525597,0.02329374849796295
u0, 77,0.06932507455348969,0.06560052186250687,54,0.026928743347525597,0.02329374849796295
u0, 78,0.13127414882183075,0.12707914412021637,54,0.026928743347525597,0.02329374849796295
u0, 79,0.29924333095550537,0.2951052486896515,54,0.026928743347525597,0.02329374849796295
u0, 80,0.34685611724853516,0.3416270911693573,54,0.026928743347525597,0.02329374849796295
u0, 81,0.049000248312950134,0.044858068227767944,54,0.026928743347525597,0.02329374849796295
u0, 82,0.12782132625579834,0.12436061352491379,54,0.026928743347525597,0.02329374849796295
u0, 83,0.07566793262958527,0.07171038538217545,54,0.026928743347525597,0.02329374849796295
u0, 84,0.09914892911911011,0.09508664906024933,54,0.026928743347525597,0.02329374849796295
u0, 85,0.12207870930433273,0.11775071918964386,54,0.026928743347525597,0.02329374849796295
u0, 86,0.1964227706193924,0.19274482131004333,54,0.026928743347525597,0.02329374849796295
u0, 87,0.08963295817375183,0.08577105402946472,54,0.026928743347525597,0.02329374849796295
u0, 88,0.08882822096347809,0.08458895981311798,54,0.026928743347525597,0.02329374849796295
u0, 89,0.03433006629347801,0.030708931386470795,54,0.026928743347525597,0.02329374849796295
u0, 90,0.11570703983306885,0.11170760542154312,54,0.026928743347525597,0.02329374849796295
u0, 91,0.19465342164039612,0.19060884416103363,54,0.026928743347525597,0.02329374849796295
u0, 92,0.17617085576057434,0.17187736928462982,54,0.026928743347525597,0.02329374849796295
u0, 93,0.022053303197026253,0.0183876920491457,93,0.022053303197026253,0.0183876920491457
u0, 94,0.05404004454612732,0.04995772987604141,93,0.022053303197026253,0.0183876920491457
u0, 95,0.14696024358272552,0.14264102280139923,93,0.022053303197026253,0.0183876920491457
u0, 96,0.18680500984191895,0.18285788595676422,93,0.022053303197026253,0.0183876920491457
u0, 97,0.08847611397504807,0.08474471420049667,93,0.022053303197026253,0.0183876920491457
u0, 98,0.044586267322301865,0.04064897075295448,93,0.022053303197026253,0.0183876920491457
u0, 99,0.06301789730787277,0.058416951447725296,93,0.022053303197026253,0.0183876920491457
u0, 100,0.10072741657495499,0.09687135368585587,93,0.022053303197026253,0.0183876920491457
u0, 101,0.18725703656673431,0.1824711263179779,93,0.022053303197026253,0.0183876920491457
u0, 102,0.02695387415587902,0.023351866751909256,93,0.022053303197026253,0.0183876920491457
u0, 103,0.0345403291285038,0.030723385512828827,93,0.022053303197026253,0.0183876920491457
u0, 104,0.14852827787399292,0.14471246302127838,93,0.022053303197026253,0.0183876920491457
u0, 105,0.22395539283752441,0.21981480717658997,93,0.022053303197026253,0.0183876920491457
u0, 106,0.050735749304294586,0.046795155853033066,93,0.022053303197026253,0.0183876920491457
u0, 107,0.10754745453596115,0.1037813052535057,93,0.022053303197026253,0.0183876920491457
u0, 108,0.06864111125469208,0.06453989446163177,93,0.022053303197026253,0.0183876920491457
u0, 109,0.057402171194553375,0.05344493314623833,93,0.022053303197026253,0.0183876920491457
u0, 110,0.03226457163691521,0.02849317528307438,93,0.022053303197026253,0.0183876920491457
u0, 111,0.14879396557807922,0.14500804245471954,93,0.022053303197026253,0.0183876920491457
u0, 112,0.05545276403427124,0.0520852655172348,93,0.022053303197026253,0.0183876920491457
u0, 113,0.026691807433962822,0.02294175885617733,93,0.022053303197026253,0.0183876920491457
u0, 114,0.04425565525889397,0.04028986021876335,93,0.022053303197026253,0.0183876920491457
u0, 115,0.10648079961538315,0.10251273214817047,93,0.022053303197026253,0.0183876920491457
u0, 116,0.11946496367454529,0.11486991494894028,93,0.022053303197026253,0.0183876920491457
u0, 117,0.13626950979232788,0.13187675178050995,93,0.022053303197026253,0.0183876920491457
u0, 118,0.10504923015832901,0.1007649302482605,93,0.022053303197026253,0.0183876920491457
u0, 119,0.08183224499225616,0.07739587873220444,93,0.022053303197026253,0.0183876920491457
u0, 120,0.016456030309200287,0.012538724578917027,120,0.016456030309200287,0.012538724578917027
u0, 121,0.031161772087216377,0.027707960456609726,120,0.016456030309200287,0.012538724578917027
u0, 122,0.21830111742019653,0.2147892862558365,120,0.016456030309200287,0.012538724578917027
u0, 123,0.04841374233365059,0.044454410672187805,120,0.016456030309200287,0.012538724578917027
u0, 124,0.03695542737841606,0.033184003084897995,120,0.016456030309200287,0.012538724578917027
u0, 125,0.059244830161333084,0.0556589774787426,120,0.016456030309200287,0.012538724578917027
u0, 126,0.08807183057069778,0.08428072184324265,120,0.016456030309200287,0.012538724578917027
u0, 127,0.046099111437797546,0.04179150611162186,120,0.016456030309200287,0.012538724578917027
u0, 128,0.15506312251091003,0.15100929141044617,120,0.016456030309200287,0.012538724578917027
u0, 129,0.0682961493730545,0.06379099935293198,120,0.016456030309200287,0.012538724578917027
u0, 130,0.05344604700803757,0.049695711582899094,120,0.016456030309200287,0.012538724578917027
u0, 131,0.11975166201591492,0.11527496576309204,120,0.016456030309200287,0.012538724578917027
u0, 132,0.019295815378427505,0.01563359797000885,120,0.016456030309200287,0.012538724578917027
u0, 133,0.018739191815257072,0.01466345228254795,120,0.016456030309200287,0.012538724578917027
u0, 134,0.0910322368144989,0.08694030344486237,120,0.016456030309200287,0.012538724578917027
u0, 135,0.21587975323200226,0.21163156628608704,120,0.016456030309200287,0.012538724578917027
u0, 136,0.11736360192298889,0.11334270238876343,120,0.016456030309200287,0.012538724578917027
u0, 137,0.11607887595891953,0.11162826418876648,120,0.016456030309200287,0.012538724578917027
u0, 138,0.061779722571372986,0.057599809020757675,120,0.016456030309200287,0.012538724578917027
u0, 139,0.09681864082813263,0.09298769384622574,120,0.016456030309200287,0.012538724578917027
u0, 140,0.0623774379491806,0.057694211602211,120,0.016456030309200287,0.012538724578917027
u0, 141,0.08869938552379608,0.08441392332315445,120,0.016456030309200287,0.012538724578917027
u0, 142,0.0647445023059845,0.06060906499624252,120,0.016456030309200287,0.012538724578917027
u0, 143,0.04203580692410469,0.038261689245700836,120,0.016456030309200287,0.012538724578917027
u0, 144,0.07617026567459106,0.07219935208559036,120,0.016456030309200287,0.012538724578917027
u0, 145,0.049553800374269485,0.04513408616185188,120,0.016456030309200287,0.012538724578917027
u0, 146,0.15927332639694214,0.15498541295528412,120,0.016456030309200287,0.012538724578917027
u0, 147,0.12311901152133942,0.11886816471815109,120,0.016456030309200287,0.012538724578917027
u0, 148,0.05495019629597664,0.050784673541784286,120,0.016456030309200287,0.012538724578917027
u0, 149,0.0750499814748764,0.07142725586891174,120,0.016456030309200287,0.012538724578917027
u0, 150,0.05617441609501839,0.05227074399590492,120,0.016456030309200287,0.012538724578917027
u0, 151,0.06388521939516068,0.06005861237645149,120,0.016456030309200287,0.012538724578917027
u0, 152,0.019398245960474014,0.015338139608502388,120,0.016456030309200287,0.012538724578917027
u0, 153,0.11846286058425903,0.11432874947786331,120,0.016456030309200287,0.012538724578917027
u0, 154,0.04715966060757637,0.04309538006782532,120,0.016456030309200287,0.012538724578917027
u0, 155,0.10990537703037262,0.10516180098056793,120,0.016456030309200287,0.012538724578917027
u0, 156,0.1749359667301178,0.1710192859172821,120,0.016456030309200287,0.012538724578917027
u0, 157,0.08759571611881256,0.08348158001899719,120,0.016456030309200287,0.012538724578917027
u0, 158,0.08142445236444473,0.07687187939882278,120,0.016456030309200287,0.012538724578917027
u0, 159,0.07906080782413483,0.07496526837348938,120,0.016456030309200287,0.012538724578917027
u0, 160,0.0349031463265419,0.031026281416416168,120,0.016456030309200287,0.012538724578917027
u0, 161,0.06894873827695847,0.06482715159654617,120,0.016456030309200287,0.012538724578917027
u0, 162,0.036943111568689346,0.03299851715564728,120,0.016456030309200287,0.012538724578917027
u0, 163,0.018081849440932274,0.0141215268522501,120,0.016456030309200287,0.012538724578917027
u0, 164,0.11184151470661163,0.10755771398544312,120,0.016456030309200287,0.012538724578917027
u0, 165,0.037713389843702316,0.03354543074965477,120,0.016456030309200287,0.012538724578917027
u0, 166,0.048597920686006546,0.04443470761179924,120,0.016456030309200287,0.012538724578917027
u0, 167,0.033471640199422836,0.02963651902973652,120,0.016456030309200287,0.012538724578917027
u0, 168,0.035208605229854584,0.03142746537923813,120,0.016456030309200287,0.012538724578917027
u0, 169,0.024499358609318733,0.020558618009090424,120,0.016456030309200287,0.012538724578917027
u0, 170,0.035479526966810226,0.03182446211576462,120,0.016456030309200287,0.012538724578917027
u0, 171,0.0656389445066452,0.06151166930794716,120,0.016456030309200287,0.012538724578917027
u0, 172,0.04295571148395538,0.03872106224298477,120,0.016456030309200287,0.012538724578917027
u0, 173,0.10924488306045532,0.10528223216533661,120,0.016456030309200287,0.012538724578917027
u0, 174,0.07754027098417282,0.07346204668283463,120,0.016456030309200287,0.012538724578917027
u0, 175,0.05024029314517975,0.04617740213871002,120,0.016456030309200287,0.012538724578917027
u0, 176,0.01782224513590336,0.014003422111272812,120,0.016456030309200287,0.012538724578917027
u0, 177,0.06295808404684067,0.05872227996587753,120,0.016456030309200287,0.012538724578917027
u0, 178,0.01387283019721508,0.009900127537548542,178,0.01387283019721508,0.009900127537548542
u0, 179,0.08472016453742981,0.08050644397735596,178,0.01387283019721508,0.009900127537548542
u0, 180,0.018881579861044884,0.014937072992324829,178,0.01387283019721508,0.009900127537548542
u0, 181,0.053487371653318405,0.04937521368265152,178,0.01387283019721508,0.009900127537548542
u0, 182,0.015318192541599274,0.011473779566586018,178,0.01387283019721508,0.009900127537548542
u0, 183,0.05816001817584038,0.054069627076387405,178,0.01387283019721508,0.009900127537548542
u0, 184,0.0753747746348381,0.07103455811738968,178,0.01387283019721508,0.009900127537548542
u0, 185,0.05325046181678772,0.049383495002985,178,0.01387283019721508,0.009900127537548542
u0, 186,0.045501574873924255,0.04129384085536003,178,0.01387283019721508,0.009900127537548542
u0, 187,0.021653130650520325,0.017869064584374428,178,0.01387283019721508,0.009900127537548542
u0, 188,0.03259235620498657,0.028590301051735878,178,0.01387283019721508,0.009900127537548542
u0, 189,0.07784468680620193,0.07378111034631729,178,0.01387283019721508,0.009900127537548542
u0, 190,0.05668111518025398,0.052482184022665024,178,0.01387283019721508,0.009900127537548542
u0, 191,0.01532371249049902,0.011516343802213669,178,0.01387283019721508,0.009900127537548542
u0, 192,0.05031488835811615,0.04601678252220154,178,0.01387283019721508,0.009900127537548542
u0, 193,0.02291889302432537,0.01907157711684704,178,0.01387283019721508,0.009900127537548542
u0, 194,0.07220194488763809,0.06812789291143417,178,0.01387283019721508,0.009900127537548542
u0, 195,0.03146109730005264,0.027184832841157913,178,0.01387283019721508,0.009900127537548542
u0, 196,0.04645645618438721,0.042238831520080566,178,0.01387283019721508,0.009900127537548542
u0, 197,0.035558901727199554,0.03160886466503143,178,0.01387283019721508,0.009900127537548542
u0, 198,0.03405929356813431,0.029820632189512253,178,0.01387283019721508,0.009900127537548542
u0, 199,0.020503824576735497,0.016827484592795372,178,0.01387283019721508,0.009900127537548542
u0, 200,0.028570206835865974,0.0245582927018404,178,0.01387283019721508,0.009900127537548542
u0, 201,0.06617662310600281,0.061655718833208084,178,0.01387283019721508,0.009900127537548542
u0, 202,0.022360535338521004,0.018475931137800217,178,0.01387283019721508,0.009900127537548542
u0, 203,0.01822948455810547,0.014238860458135605,178,0.01387283019721508,0.009900127537548542
u0, 204,0.03995950147509575,0.035834766924381256,178,0.01387283019721508,0.009900127537548542
u0, 205,0.025297708809375763,0.02142518199980259,178,0.01387283019721508,0.009900127537548542
u0, 206,0.012436723336577415,0.008526558056473732,206,0.012436723336577415,0.008526558056473732
u0, 207,0.10179690271615982,0.09755347669124603,206,0.012436723336577415,0.008526558056473732
u0, 208,0.05389183759689331,0.049736227840185165,206,0.012436723336577415,0.008526558056473732
u0, 209,0.02055037021636963,0.016544751822948456,206,0.012436723336577415,0.008526558056473732
u0, 210,0.06749561429023743,0.06320648640394211,206,0.012436723336577415,0.008526558056473732
u0, 211,0.028350453823804855,0.024123674258589745,206,0.012436723336577415,0.008526558056473732
u0, 212,0.0293927900493145,0.025553636252880096,206,0.012436723336577415,0.008526558056473732
u0, 213,0.02346939407289028,0.019627967849373817,206,0.012436723336577415,0.008526558056473732
u0, 214,0.03377470746636391,0.02944365330040455,206,0.012436723336577415,0.008526558056473732
u0, 215,0.012696408666670322,0.008684041909873486,206,0.012436723336577415,0.008526558056473732
u0, 216,0.02567068114876747,0.02135123685002327,206,0.012436723336577415,0.008526558056473732
u0, 217,0.03706661984324455,0.0330769307911396,206,0.012436723336577415,0.008526558056473732
u0, 218,0.06096385791897774,0.05654873326420784,206,0.012436723336577415,0.008526558056473732
u0, 219,0.04739676043391228,0.043653033673763275,206,0.012436723336577415,0.008526558056473732
u0, 220,0.03872919827699661,0.03486195206642151,206,0.012436723336577415,0.008526558056473732
u0, 221,0.046610020101070404,0.042452648282051086,206,0.012436723336577415,0.008526558056473732
u0, 222,0.026565365493297577,0.022443203255534172,206,0.012436723336577415,0.008526558056473732
u0, 223,0.029360447078943253,0.025281433016061783,206,0.012436723336577415,0.008526558056473732
u0, 224,0.017729762941598892,0.013669750653207302,206,0.012436723336577415,0.008526558056473732
u0, 225,0.03319881483912468,0.02921104058623314,206,0.012436723336577415,0.008526558056473732
u0, 226,0.01668097823858261,0.012590700760483742,206,0.012436723336577415,0.008526558056473732
u0, 227,0.021955449134111404,0.017988674342632294,206,0.012436723336577415,0.008526558056473732
u0, 228,0.013261036947369576,0.00943096075206995,206,0.012436723336577415,0.008526558056473732
u0, 229,0.02169899456202984,0.017580710351467133,206,0.012436723336577415,0.008526558056473732
u0, 230,0.008977723307907581,0.004985074046999216,230,0.008977723307907581,0.004985074046999216
u0, 231,0.028601646423339844,0.024359071627259254,230,0.008977723307907581,0.004985074046999216
u0, 232,0.026277249678969383,0.022087043151259422,230,0.008977723307907581,0.004985074046999216
u0, 233,0.01497641485184431,0.011013757437467575,230,0.008977723307907581,0.004985074046999216
u0, 234,0.010600633919239044,0.006676614284515381,230,0.008977723307907581,0.004985074046999216
u0, 235,0.011865966022014618,0.007921726442873478,230,0.008977723307907581,0.004985074046999216
u0, 236,0.02595008909702301,0.021757669746875763,230,0.008977723307907581,0.004985074046999216
u0, 237,0.03425570949912071,0.03007045015692711,230,0.008977723307907581,0.004985074046999216
u0, 238,0.01900540105998516,0.014874469488859177,230,0.008977723307907581,0.004985074046999216
u0, 239,0.011248371563851833,0.007287275977432728,230,0.008977723307907581,0.004985074046999216
u0, 240,0.04454993084073067,0.04043307155370712,230,0.008977723307907581,0.004985074046999216
u0, 241,0.04182569310069084,0.0375443696975708,230,0.008977723307907581,0.004985074046999216
u0, 242,0.02430800534784794,0.020238881930708885,230,0.008977723307907581,0.004985074046999216
u0, 243,0.03610870987176895,0.031752943992614746,230,0.008977723307907581,0.004985074046999216
u0, 244,0.016400938853621483,0.012631715275347233,230,0.008977723307907581,0.004985074046999216
u0, 245,0.028891412541270256,0.025011399760842323,230,0.008977723307907581,0.004985074046999216
u0, 246,0.013759549707174301,0.009893304668366909,230,0.008977723307907581,0.004985074046999216
u0, 247,0.01579773798584938,0.011701484210789204,230,0.008977723307907581,0.004985074046999216
u0, 248,0.009618096053600311,0.005679392255842686,230,0.008977723307907581,0.004985074046999216
u0, 249,0.014460132457315922,0.010478544980287552,230,0.008977723307907581,0.004985074046999216
u0, 250,0.01505458727478981,0.011151799000799656,230,0.008977723307907581,0.004985074046999216
u0, 251,0.016097018495202065,0.012146438471972942,230,0.008977723307907581,0.004985074046999216
u0, 252,0.026659442111849785,0.02245333418250084,230,0.008977723307907581,0.004985074046999216
u0, 253,0.017715955153107643,0.013646447099745274,230,0.008977723307907581,0.004985074046999216
u0, 254,0.00907440111041069,0.005157337058335543,230,0.008977723307907581,0.004985074046999216
u0, 255,0.02187059447169304,0.017916128039360046,230,0.008977723307907581,0.004985074046999216
u0, 256,0.017369944602251053,0.013393671251833439,230,0.008977723307907581,0.004985074046999216
u0, 257,0.03803866356611252,0.03392019867897034,230,0.008977723307907581,0.004985074046999216
u0, 258,0.012838354334235191,0.008851409889757633,230,0.008977723307907581,0.004985074046999216
u0, 259,0.028463508933782578,0.024331610649824142,230,0.008977723307907581,0.004985074046999216
u0, 260,0.026644939556717873,0.022665955126285553,230,0.008977723307907581,0.004985074046999216
u0, 261,0.023215625435113907,0.019219405949115753,230,0.008977723307907581,0.004985074046999216
u0, 262,0.016466641798615456,0.01231297291815281,230,0.008977723307907581,0.004985074046999216
u0, 263,0.027552736923098564,0.023707715794444084,230,0.008977723307907581,0.004985074046999216
u0, 264,0.03415222838521004,0.02998034656047821,230,0.008977723307907581,0.004985074046999216
u0, 265,0.01072120014578104,0.006767323240637779,230,0.008977723307907581,0.004985074046999216
u0, 266,0.014108560048043728,0.010277711786329746,230,0.008977723307907581,0.004985074046999216
u0, 267,0.021130014210939407,0.017079977318644524,230,0.008977723307907581,0.004985074046999216
u0, 268,0.033761147409677505,0.029606351628899574,230,0.008977723307907581,0.004985074046999216
u0, 269,0.01743706315755844,0.013506408780813217,230,0.008977723307907581,0.004985074046999216
u0, 270,0.011755965650081635,0.007896456867456436,230,0.008977723307907581,0.004985074046999216
u0, 271,0.009575615637004375,0.005716459825634956,230,0.008977723307907581,0.004985074046999216
u0, 272,0.008710600435733795,0.004712584428489208,272,0.008710600435733795,0.004712584428489208
u0, 273,0.012142490595579147,0.008191005326807499,272,0.008710600435733795,0.004712584428489208
u0, 274,0.019270891323685646,0.015088716521859169,272,0.008710600435733795,0.004712584428489208
u0, 275,0.02013142965734005,0.015965672209858894,272,0.008710600435733795,0.004712584428489208
u0, 276,0.008294676430523396,0.0042956010438501835,276,0.008294676430523396,0.0042956010438501835
u0, 277,0.012412920594215393,0.008456874638795853,276,0.008294676430523396,0.0042956010438501835
u0, 278,0.010294564999639988,0.006331305019557476,276,0.008294676430523396,0.0042956010438501835
u0, 279,0.025706415995955467,0.02142464369535446,276,0.008294676430523396,0.0042956010438501835
u0, 280,0.012334787286818027,0.008198204450309277,276,0.008294676430523396,0.0042956010438501835
u0, 281,0.03543254733085632,0.03122212365269661,276,0.008294676430523396,0.0042956010438501835
u0, 282,0.008759615011513233,0.00480803893879056,276,0.008294676430523396,0.0042956010438501835
u0, 283,0.014203909784555435,0.010235515423119068,276,0.008294676430523396,0.0042956010438501835
u0, 284,0.007720356807112694,0.0036622006446123123,284,0.007720356807112694,0.0036622006446123123
u0, 285,0.015325533226132393,0.011201733723282814,284,0.007720356807112694,0.0036622006446123123
u0, 286,0.03496459871530533,0.030629809945821762,284,0.007720356807112694,0.0036622006446123123
u0, 287,0.00760772917419672,0.0035921605303883553,287,0.00760772917419672,0.0035921605303883553
u0, 288,0.010830121114850044,0.006722435355186462,287,0.00760772917419672,0.0035921605303883553
u0, 289,0.008296667598187923,0.004255983512848616,287,0.00760772917419672,0.0035921605303883553
u0, 290,0.0089187640696764,0.004911765921860933,287,0.00760772917419672,0.0035921605303883553
u0, 291,0.026119336485862732,0.02191820926964283,287,0.00760772917419672,0.0035921605303883553
u0, 292,0.012702704407274723,0.008604055270552635,287,0.00760772917419672,0.0035921605303883553
u0, 293,0.014288155362010002,0.010329282842576504,287,0.00760772917419672,0.0035921605303883553
u0, 294,0.014047886244952679,0.010031462647020817,287,0.00760772917419672,0.0035921605303883553
u0, 295,0.009243345819413662,0.005257236305624247,287,0.00760772917419672,0.0035921605303883553
u0, 296,0.008417286910116673,0.004481798503547907,287,0.00760772917419672,0.0035921605303883553
u0, 297,0.01455035712569952,0.01043849065899849,287,0.00760772917419672,0.0035921605303883553
u0, 298,0.008399213664233685,0.004422964062541723,287,0.00760772917419672,0.0035921605303883553
u0, 299,0.0392129011452198,0.03524372726678848,287,0.00760772917419672,0.0035921605303883553
u0, 300,0.018675539642572403,0.014497901313006878,287,0.00760772917419672,0.0035921605303883553
u0, 301,0.010638118721544743,0.0066489772871136665,287,0.00760772917419672,0.0035921605303883553
u0, 302,0.014465034939348698,0.010320051573216915,287,0.00760772917419672,0.0035921605303883553
u0, 303,0.01420097891241312,0.01020266767591238,287,0.00760772917419672,0.0035921605303883553
u0, 304,0.016066476702690125,0.01209055632352829,287,0.00760772917419672,0.0035921605303883553
u0, 305,0.008610510267317295,0.004581032320857048,287,0.00760772917419672,0.0035921605303883553
u0, 306,0.011012115515768528,0.006963314488530159,287,0.00760772917419672,0.0035921605303883553
u0, 307,0.010124590247869492,0.006057144608348608,287,0.00760772917419672,0.0035921605303883553
u0, 308,0.019070180132985115,0.014909985475242138,287,0.00760772917419672,0.0035921605303883553
u0, 309,0.008242249488830566,0.004237258806824684,287,0.00760772917419672,0.0035921605303883553
u0, 310,0.01134064607322216,0.0073987399227917194,287,0.00760772917419672,0.0035921605303883553
u0, 311,0.008246570825576782,0.004203230142593384,287,0.00760772917419672,0.0035921605303883553
u0, 312,0.007488022558391094,0.0035255495458841324,312,0.007488022558391094,0.0035255495458841324
u0, 313,0.009117353707551956,0.005052804481238127,312,0.007488022558391094,0.0035255495458841324
u0, 314,0.015365845523774624,0.011215628124773502,312,0.007488022558391094,0.0035255495458841324
u0, 315,0.007416221313178539,0.003389855846762657,315,0.007416221313178539,0.003389855846762657
u0, 316,0.007772918324917555,0.0037467326037585735,315,0.007416221313178539,0.003389855846762657
u0, 317,0.02060273289680481,0.01656242646276951,315,0.007416221313178539,0.003389855846762657
u0, 318,0.00766017846763134,0.0036946539767086506,315,0.007416221313178539,0.003389855846762657
u0, 319,0.007537880912423134,0.0035316147841513157,315,0.007416221313178539,0.003389855846762657
u0, 320,0.007280305027961731,0.003309976076707244,320,0.007280305027961731,0.003309976076707244
u0, 321,0.008148632943630219,0.004154529422521591,320,0.007280305027961731,0.003309976076707244
u0, 322,0.013810793869197369,0.00983798410743475,320,0.007280305027961731,0.003309976076707244
u0, 323,0.019506258890032768,0.015317736193537712,320,0.007280305027961731,0.003309976076707244
u0, 324,0.021933304145932198,0.017782753333449364,320,0.007280305027961731,0.003309976076707244
u0, 325,0.020250221714377403,0.01605954021215439,320,0.007280305027961731,0.003309976076707244
u0, 326,0.007780198007822037,0.0037602863740175962,320,0.007280305027961731,0.003309976076707244
u0, 327,0.008769283071160316,0.004735879134386778,320,0.007280305027961731,0.003309976076707244
u0, 328,0.011390013620257378,0.0073011163622140884,320,0.007280305027961731,0.003309976076707244
u0, 329,0.01142438966780901,0.007336056791245937,320,0.007280305027961731,0.003309976076707244
u0, 330,0.013507948257029057,0.00952212419360876,320,0.007280305027961731,0.003309976076707244
u0, 331,0.007866769097745419,0.003850933164358139,320,0.007280305027961731,0.003309976076707244
u0, 332,0.010913433507084846,0.006831955164670944,320,0.007280305027961731,0.003309976076707244
u0, 333,0.01744014397263527,0.013280888088047504,320,0.007280305027961731,0.003309976076707244
u0, 334,0.00791784655302763,0.003900984302163124,320,0.007280305027961731,0.003309976076707244
u0, 335,0.013905775733292103,0.009781815111637115,320,0.007280305027961731,0.003309976076707244
u0, 336,0.007024270016700029,0.0030014452058821917,336,0.007024270016700029,0.0030014452058821917
u0, 337,0.01745043322443962,0.01345590315759182,336,0.007024270016700029,0.0030014452058821917
u0, 338,0.014806173741817474,0.01077266689389944,336,0.007024270016700029,0.0030014452058821917
u0, 339,0.01228972990065813,0.00828089751303196,336,0.007024270016700029,0.0030014452058821917
u0, 340,0.015314457006752491,0.011346502229571342,336,0.007024270016700029,0.0030014452058821917
u0, 341,0.007239325437694788,0.003239112440496683,336,0.007024270016700029,0.0030014452058821917
u0, 342,0.009714658372104168,0.005654407199472189,336,0.007024270016700029,0.0030014452058821917
u0, 343,0.010206492617726326,0.00610572611913085,336,0.007024270016700029,0.0030014452058821917
u0, 344,0.007473992649465799,0.0034451379906386137,336,0.007024270016700029,0.0030014452058821917
u0, 345,0.012154877185821533,0.008065231144428253,336,0.007024270016700029,0.0030014452058821917
u0, 346,0.011348131112754345,0.00735621340572834,336,0.007024270016700029,0.0030014452058821917
u0, 347,0.012227148748934269,0.008232041262090206,336,0.007024270016700029,0.0030014452058821917
u0, 348,0.00830224808305502,0.004325318615883589,336,0.007024270016700029,0.0030014452058821917
u0, 349,0.007297444622963667,0.003258329350501299,336,0.007024270016700029,0.0030014452058821917
u0, 350,0.0071213082410395145,0.0031264328863471746,336,0.007024270016700029,0.0030014452058821917
u0, 351,0.007116447668522596,0.0031130968127399683,336,0.007024270016700029,0.0030014452058821917
u0, 352,0.007052071392536163,0.0030421926639974117,336,0.007024270016700029,0.0030014452058821917
u0, 353,0.007459394168108702,0.0034391966182738543,336,0.007024270016700029,0.0030014452058821917
u0, 354,0.008638419210910797,0.004659742582589388,336,0.007024270016700029,0.0030014452058821917
u0, 355,0.00698133697733283,0.0029660987202078104,355,0.00698133697733283,0.0029660987202078104
u0, 356,0.007776157930493355,0.0037676850333809853,355,0.00698133697733283,0.0029660987202078104
u0, 357,0.01700303517282009,0.012820440344512463,355,0.00698133697733283,0.0029660987202078104
u0, 358,0.012949354946613312,0.008797463960945606,355,0.00698133697733283,0.0029660987202078104
u0, 359,0.007680786773562431,0.003682366106659174,355,0.00698133697733283,0.0029660987202078104
u0, 360,0.008778498508036137,0.0048038349486887455,355,0.00698133697733283,0.0029660987202078104
u0, 361,0.008281015790998936,0.004277076106518507,355,0.00698133697733283,0.0029660987202078104
u0, 362,0.010351591743528843,0.006348942406475544,355,0.00698133697733283,0.0029660987202078104
u0, 363,0.007027973420917988,0.0030230488628149033,355,0.00698133697733283,0.0029660987202078104
u0, 364,0.010795037262141705,0.006794109009206295,355,0.00698133697733283,0.0029660987202078104
u0, 365,0.008771243505179882,0.004787263460457325,355,0.00698133697733283,0.0029660987202078104
u0, 366,0.0069686234928667545,0.0029538418166339397,366,0.0069686234928667545,0.0029538418166339397
u0, 367,0.008719844743609428,0.004684239625930786,366,0.0069686234928667545,0.0029538418166339397
u0, 368,0.009343940764665604,0.005385047756135464,366,0.0069686234928667545,0.0029538418166339397
u0, 369,0.007359384559094906,0.0033458517864346504,366,0.0069686234928667545,0.0029538418166339397
u0, 370,0.009095254354178905,0.00513831852003932,366,0.0069686234928667545,0.0029538418166339397
u0, 371,0.009904012084007263,0.005941326264292002,366,0.0069686234928667545,0.0029538418166339397
u0, 372,0.007838280871510506,0.0038070150185376406,366,0.0069686234928667545,0.0029538418166339397
u0, 373,0.008163421414792538,0.004103096667677164,366,0.0069686234928667545,0.0029538418166339397
u0, 374,0.00842249020934105,0.0044471793808043,366,0.0069686234928667545,0.0029538418166339397
u0, 375,0.007139837369322777,0.003169278148561716,366,0.0069686234928667545,0.0029538418166339397
u0, 376,0.008996707387268543,0.005000358913093805,366,0.0069686234928667545,0.0029538418166339397
u0, 377,0.007383393589407206,0.003397673834115267,366,0.0069686234928667545,0.0029538418166339397
u0, 378,0.008919555693864822,0.0049506123177707195,366,0.0069686234928667545,0.0029538418166339397
u0, 379,0.0070552886463701725,0.003086153184995055,366,0.0069686234928667545,0.0029538418166339397
u0, 380,0.007446975912898779,0.0034732173662632704,366,0.0069686234928667545,0.0029538418166339397
u0, 381,0.008041366003453732,0.00401559891179204,366,0.0069686234928667545,0.0029538418166339397
u0, 382,0.008920700289309025,0.004877617582678795,366,0.0069686234928667545,0.0029538418166339397
u0, 383,0.006816355511546135,0.0028296438977122307,383,0.006816355511546135,0.0028296438977122307
u0, 384,0.009009728208184242,0.0050075300969183445,383,0.006816355511546135,0.0028296438977122307
u0, 385,0.007625670172274113,0.003657200373709202,383,0.006816355511546135,0.0028296438977122307
u0, 386,0.012668708339333534,0.008693613111972809,383,0.006816355511546135,0.0028296438977122307
u0, 387,0.008640898391604424,0.004636838100850582,383,0.006816355511546135,0.0028296438977122307
u0, 388,0.010844416916370392,0.006878059823065996,383,0.006816355511546135,0.0028296438977122307
u0, 389,0.006956173572689295,0.0029677387792617083,383,0.006816355511546135,0.0028296438977122307
u0, 390,0.007687150500714779,0.0037158809136599302,383,0.006816355511546135,0.0028296438977122307
u0, 391,0.00728468457236886,0.0032709799706935883,383,0.006816355511546135,0.0028296438977122307
u0, 392,0.007358243688941002,0.0033232676796615124,383,0.006816355511546135,0.0028296438977122307
u0, 393,0.010026587173342705,0.006047986913472414,383,0.006816355511546135,0.0028296438977122307
u0, 394,0.007086280267685652,0.003083392744883895,383,0.006816355511546135,0.0028296438977122307
u0, 395,0.009695830754935741,0.0057115014642477036,383,0.006816355511546135,0.0028296438977122307
u0, 396,0.007022787816822529,0.002998148091137409,383,0.006816355511546135,0.0028296438977122307
u0, 397,0.008459102362394333,0.004416203126311302,383,0.006816355511546135,0.0028296438977122307
u0, 398,0.006888932082802057,0.002905246103182435,383,0.006816355511546135,0.0028296438977122307
u0, 399,0.008255918510258198,0.004257825203239918,383,0.006816355511546135,0.0028296438977122307
u0, 400,0.007440556306391954,0.0034212670288980007,383,0.006816355511546135,0.0028296438977122307
u0, 401,0.007009266875684261,0.0029931238386780024,383,0.006816355511546135,0.0028296438977122307
u0, 402,0.008919409476220608,0.004933684132993221,383,0.006816355511546135,0.0028296438977122307
u0, 403,0.010894101113080978,0.0069183772429823875,383,0.006816355511546135,0.0028296438977122307
u0, 404,0.011038955301046371,0.007089915219694376,383,0.006816355511546135,0.0028296438977122307
u0, 405,0.008133302442729473,0.004151131026446819,383,0.006816355511546135,0.0028296438977122307
u0, 406,0.01323672104626894,0.009150339290499687,383,0.006816355511546135,0.0028296438977122307
u0, 407,0.012024332769215107,0.008054356090724468,383,0.006816355511546135,0.0028296438977122307
u0, 408,0.007460419554263353,0.0034732799977064133,383,0.006816355511546135,0.0028296438977122307
u0, 409,0.007678183261305094,0.0036362113896757364,383,0.006816355511546135,0.0028296438977122307
u0, 410,0.007453619968146086,0.0034352915827184916,383,0.006816355511546135,0.0028296438977122307
u0, 411,0.00989562924951315,0.005828123074024916,383,0.006816355511546135,0.0028296438977122307
u0, 412,0.006832035258412361,0.002801586175337434,383,0.006816355511546135,0.0028296438977122307
u0, 413,0.006862746551632881,0.0028412220999598503,383,0.006816355511546135,0.0028296438977122307
u0, 414,0.0068139792419970036,0.002804277464747429,414,0.0068139792419970036,0.002804277464747429
u0, 415,0.006803952623158693,0.0028118938207626343,415,0.006803952623158693,0.0028118938207626343
u0, 416,0.009871670976281166,0.00580609031021595,415,0.006803952623158693,0.0028118938207626343
u0, 417,0.007007854524999857,0.002995820948854089,415,0.006803952623158693,0.0028118938207626343
u0, 418,0.007017024327069521,0.003009887645021081,415,0.006803952623158693,0.0028118938207626343
u0, 419,0.00674555916339159,0.0027225827798247337,419,0.00674555916339159,0.0027225827798247337
u0, 420,0.006997294723987579,0.002992782508954406,419,0.00674555916339159,0.0027225827798247337
u0, 421,0.008453586138784885,0.004405790474265814,419,0.00674555916339159,0.0027225827798247337
u0, 422,0.0069328779354691505,0.002949556801468134,419,0.00674555916339159,0.0027225827798247337
u0, 423,0.007804956752806902,0.0037837112322449684,419,0.00674555916339159,0.0027225827798247337
u0, 424,0.006792459171265364,0.0028133525047451258,419,0.00674555916339159,0.0027225827798247337
u0, 425,0.00672069052234292,0.002713511697947979,425,0.00672069052234292,0.002713511697947979
u0, 426,0.006851555313915014,0.0028386134654283524,425,0.00672069052234292,0.002713511697947979
u0, 427,0.006809634622186422,0.002810088451951742,425,0.00672069052234292,0.002713511697947979
u0, 428,0.007954683154821396,0.003923745360225439,425,0.00672069052234292,0.002713511697947979
u0, 429,0.006842398084700108,0.00284808618016541,425,0.00672069052234292,0.002713511697947979
u0, 430,0.006689687259495258,0.0026992210187017918,430,0.006689687259495258,0.0026992210187017918
u0, 431,0.008027908392250538,0.00398862361907959,430,0.006689687259495258,0.0026992210187017918
u0, 432,0.006899475120007992,0.0028850878588855267,430,0.006689687259495258,0.0026992210187017918
u0, 433,0.009124289266765118,0.005146264564245939,430,0.006689687259495258,0.0026992210187017918
u0, 434,0.006769698578864336,0.0027428006287664175,430,0.006689687259495258,0.0026992210187017918
u0, 435,0.006838218774646521,0.0028426905628293753,430,0.006689687259495258,0.0026992210187017918
u0, 436,0.006786126643419266,0.002783991163596511,430,0.006689687259495258,0.0026992210187017918
u0, 437,0.00699150376021862,0.00299652642570436,430,0.006689687259495258,0.0026992210187017918
u0, 438,0.006822644267231226,0.002840013476088643,430,0.006689687259495258,0.0026992210187017918
u0, 439,0.007464923430234194,0.0034502637572586536,430,0.006689687259495258,0.0026992210187017918
u0, 440,0.00911746732890606,0.005149240605533123,430,0.006689687259495258,0.0026992210187017918
u0, 441,0.006735995877534151,0.0027361821848899126,430,0.006689687259495258,0.0026992210187017918
u0, 442,0.008572645485401154,0.004603959154337645,430,0.006689687259495258,0.0026992210187017918
u0, 443,0.006919765844941139,0.0029076188802719116,430,0.006689687259495258,0.0026992210187017918
u0, 444,0.007328843232244253,0.0033325375989079475,430,0.006689687259495258,0.0026992210187017918
u0, 445,0.006751537322998047,0.002766986843198538,430,0.006689687259495258,0.0026992210187017918
u0, 446,0.006975462194532156,0.0029597487300634384,430,0.006689687259495258,0.0026992210187017918
u0, 447,0.0070220548659563065,0.00302188191562891,430,0.006689687259495258,0.0026992210187017918
u0, 448,0.006834274623543024,0.002848968841135502,430,0.006689687259495258,0.0026992210187017918
u0, 449,0.006724766455590725,0.0027392967604100704,430,0.006689687259495258,0.0026992210187017918
u0, 450,0.006654300726950169,0.002648923546075821,450,0.006654300726950169,0.002648923546075821
u0, 451,0.0066084242425858974,0.0026297206059098244,451,0.0066084242425858974,0.0026297206059098244
u0, 452,0.006695679854601622,0.00269951275549829,451,0.0066084242425858974,0.0026297206059098244
u0, 453,0.006675059907138348,0.002712286077439785,451,0.0066084242425858974,0.0026297206059098244
u0, 454,0.0066294316202402115,0.0026333399582654238,451,0.0066084242425858974,0.0026297206059098244
u0, 455,0.007802286650985479,0.0037792136427015066,451,0.0066084242425858974,0.0026297206059098244
u0, 456,0.006724338512867689,0.0027544142212718725,451,0.0066084242425858974,0.0026297206059098244
u0, 457,0.007605564780533314,0.003651546547189355,451,0.0066084242425858974,0.0026297206059098244
u0, 458,0.007152023259550333,0.0031737552490085363,451,0.0066084242425858974,0.0026297206059098244
u0, 459,0.006695189978927374,0.0026779016479849815,451,0.0066084242425858974,0.0026297206059098244
u0, 460,0.006611414719372988,0.0026070380117744207,451,0.0066084242425858974,0.0026297206059098244
u0, 461,0.0069365547969937325,0.0029501859098672867,451,0.0066084242425858974,0.0026297206059098244
u0, 462,0.007744604721665382,0.003770537441596389,451,0.0066084242425858974,0.0026297206059098244
u0, 463,0.007574142422527075,0.003586835926398635,451,0.0066084242425858974,0.0026297206059098244
u0, 464,0.006636161357164383,0.002660023281350732,451,0.0066084242425858974,0.0026297206059098244
u0, 465,0.006626690737903118,0.0026319418102502823,451,0.0066084242425858974,0.0026297206059098244
u0, 466,0.006964311935007572,0.002984400372952223,451,0.0066084242425858974,0.0026297206059098244
u0, 467,0.007577609270811081,0.0035606890451163054,451,0.0066084242425858974,0.0026297206059098244
u0, 468,0.006651725620031357,0.002682624850422144,451,0.0066084242425858974,0.0026297206059098244
u0, 469,0.00664575956761837,0.0026632274966686964,451,0.0066084242425858974,0.0026297206059098244
u0, 470,0.006678328383713961,0.0026688482612371445,451,0.0066084242425858974,0.0026297206059098244
u0, 471,0.007649155333638191,0.003624506061896682,451,0.0066084242425858974,0.0026297206059098244
u0, 472,0.006603280548006296,0.0026153922080993652,472,0.006603280548006296,0.0026153922080993652
u0, 473,0.00675704050809145,0.002748992992565036,472,0.006603280548006296,0.0026153922080993652
u0, 474,0.007328444626182318,0.0033224381040781736,472,0.006603280548006296,0.0026153922080993652
u0, 475,0.0066557154059410095,0.0026438215281814337,472,0.006603280548006296,0.0026153922080993652
u0, 476,0.007792217656970024,0.0037605678662657738,472,0.006603280548006296,0.0026153922080993652
u0, 477,0.0065949768759310246,0.0026060494128614664,477,0.0065949768759310246,0.0026060494128614664
u0, 478,0.0066278851591050625,0.0026086666621267796,477,0.0065949768759310246,0.0026060494128614664
u0, 479,0.006604810245335102,0.0025995688047260046,477,0.0065949768759310246,0.0026060494128614664
u0, 480,0.006629951763898134,0.00261563784442842,477,0.0065949768759310246,0.0026060494128614664
u0, 481,0.006581694819033146,0.002588489092886448,481,0.006581694819033146,0.002588489092886448
u0, 482,0.007004784885793924,0.003000688971951604,481,0.006581694819033146,0.002588489092886448
u0, 483,0.006594376172870398,0.002594031160697341,481,0.006581694819033146,0.002588489092886448
u0, 484,0.007419363129884005,0.003396251006051898,481,0.006581694819033146,0.002588489092886448
u0, 485,0.0068351193331182,0.0028674255590885878,481,0.006581694819033146,0.002588489092886448
u0, 486,0.006955878809094429,0.0029454329051077366,481,0.006581694819033146,0.002588489092886448
u0, 487,0.00674716429784894,0.002743186429142952,481,0.006581694819033146,0.002588489092886448
u0, 488,0.006640637293457985,0.0026429530698806047,481,0.006581694819033146,0.002588489092886448
u0, 489,0.00691450759768486,0.0029074375052005053,481,0.006581694819033146,0.002588489092886448
u0, 490,0.006679076235741377,0.0026695530395954847,481,0.006581694819033146,0.002588489092886448
u0, 491,0.006723453290760517,0.002722333185374737,481,0.006581694819033146,0.002588489092886448
u0, 492,0.006580115295946598,0.0025957149919122458,492,0.006580115295946598,0.0025957149919122458
u0, 493,0.0066093881614506245,0.0026287997607141733,492,0.006580115295946598,0.0025957149919122458
u0, 494,0.006751199718564749,0.0027712504379451275,492,0.006580115295946598,0.0025957149919122458
u0, 495,0.006661245599389076,0.0026551438495516777,492,0.006580115295946598,0.0025957149919122458
u0, 496,0.007056911010295153,0.003072514431551099,492,0.006580115295946598,0.0025957149919122458
u0, 497,0.006549696903675795,0.0025521586649119854,497,0.006549696903675795,0.0025521586649119854
u0, 498,0.006602320820093155,0.0025910395197570324,497,0.006549696903675795,0.0025521586649119854
u0, 499,0.00659590819850564,0.0026268400251865387,497,0.006549696903675795,0.0025521586649119854
